<application>
  <component name="LocalDatabaseDriverManager" version="201">
    <driver id="postgresql">
      <artifact id="PostgreSQL" name="PostgreSQL" use="true" version="42.2.22" />
    </driver>
    <driver id="sqlite.xerial">
      <artifact id="Xerial SQLiteJDBC" name="Xerial SQLiteJDBC" use="true" version="3.45.1" />
    </driver>
    <driver id="4c50cfa2-a03d-4cd0-9dac-ba15c2003f91" name="dbrecrutement driver" dialect="SQLite" driver-class="org.sqlite.JDBC" icon="AllIcons.Providers.Sqlite">
      <url-template name="default" template="jdbc:sqlite:!(:memory:){file::identifier.sqlite}?" />
      <url-template name="In-memory" template="jdbc:sqlite::memory:" />
      <artifact id="Xerial SQLiteJDBC" name="Xerial SQLiteJDBC" use="true" version="3.36.0.3" />
      <property name="enable_load_extension" value="true" />
      <library>
        <url>file://$APPLICATION_CONFIG_DIR$/jdbc-drivers/Xerial SQLiteJDBC/3.34.0/sqlite-jdbc-3.34.0.jar</url>
      </library>
    </driver>
    <driver id="d8a1a016-9a26-4cea-8365-70be48941060" name="db driver" dialect="SQLite" driver-class="org.sqlite.JDBC" icon="AllIcons.Providers.Sqlite">
      <url-template name="default" template="jdbc:sqlite:!(:memory:){file::identifier.sqlite}?" />
      <url-template name="In-memory" template="jdbc:sqlite::memory:" />
      <artifact id="Xerial SQLiteJDBC" name="Xerial SQLiteJDBC" use="true" version="3.36.0.3" />
      <property name="enable_load_extension" value="true" />
      <library>
        <url>file://$APPLICATION_CONFIG_DIR$/jdbc-drivers/Xerial SQLiteJDBC/3.39.2/sqlite-jdbc-3.39.2.jar</url>
      </library>
    </driver>
  </component>
</application>