<application>
  <component name="FileTypeManager" version="19">
    <ignoreFiles list="*$py.class;*.pyc;*.pyo;*.rbc;*.yarb;*~;.DS_Store;.git;.hg;.mypy_cache;.pytest_cache;.ruff_cache;.svn;CVS;__pycache__;_svn;vssver.scc;vssver2.scc" />
    <extensionMap>
      <mapping pattern="public_key" type="AUTO_DETECTED" />
      <mapping pattern="test_watch_history" type="AUTO_DETECTED" />
      <mapping pattern="docker-compose" type="AUTO_DETECTED" />
      <mapping pattern="deploy" type="AUTO_DETECTED" />
      <mapping pattern="private_key" type="AUTO_DETECTED" />
      <mapping pattern="cell" type="AUTO_DETECTED" />
      <mapping pattern="got_kube" type="AUTO_DETECTED" />
      <mapping pattern="initial_groups" type="AUTO_DETECTED" />
      <mapping pattern=".flake8" type="PLAIN_TEXT" />
      <mapping pattern=".gitkeep" type="PLAIN_TEXT" />
      <mapping pattern=".prettierrc" type="PLAIN_TEXT" />
      <mapping ext="key" type="PLAIN_TEXT" />
      <mapping ext="dump" type="PLAIN_TEXT" />
      <mapping ext="crt" type="PLAIN_TEXT" />
      <mapping ext="gz" type="XML" />
      <removed_mapping ext="csv" approved="true" type="CSV/TSV" />
      <removed_mapping ext="env" approved="true" type=".env file" />
      <removed_mapping ext="tsv" approved="true" type="CSV/TSV" />
      <removed_mapping pattern=".prettierrc" approved="true" type="JSON" />
    </extensionMap>
  </component>
</application>