<application>
  <component name="FindSettings">
    <option name="customScope" value="All Places" />
    <option name="defaultScopeName" value="All Places" />
    <option name="SEARCH_SCOPE" value="All Places" />
    <mask>*.css</mask>
    <mask>*.xml</mask>
    <mask>*.pyw</mask>
    <mask>!*.css</mask>
    <mask>!test*,*.py</mask>
    <mask>.py</mask>
    <mask>*.html</mask>
    <mask>*.js</mask>
    <mask>*.yaml</mask>
    <mask>redis.yaml</mask>
    <mask>*.py</mask>
  </component>
</application>